Référence;Adresse;Surface (m²);Compte;Propriétaire
790174    A0121;   LA FOSSE AU LOUP 79500 MELLE;16280;+00289; COMMUNE DE SAINT MARTIN LES MELLE   79500 MELLE 
790174    D0022;   VIGNES DES FOSSELIERES 79500 MELLE;1215;+00270; COMMUNE DE MELLE DE LA MAIRIE MELLE  79500 MELLE 
790174    D0094;   LOUBEAU 79500 MELLE;1245;+00270; COMMUNE DE MELLE DE LA MAIRIE MELLE  79500 MELLE 
790174    D0095;   LOUBEAU 79500 MELLE;3367;+00270; COMMUNE DE MELLE DE LA MAIRIE MELLE  79500 MELLE 
790174    D0098;   LOUBEAU 79500 MELLE;1000;+00270; COMMUNE DE MELLE DE LA MAIRIE MELLE  79500 MELLE 
790174    D0323;   LOUBEAU 79500 MELLE;1687;+00270; COMMUNE DE MELLE DE LA MAIRIE MELLE  79500 MELLE 
790174    D0325;   LOUBEAU 79500 MELLE;3440;+00270; COMMUNE DE MELLE DE LA MAIRIE MELLE  79500 MELLE 
790174    D0327;   LOUBEAU 79500 MELLE;1548;+00270; COMMUNE DE MELLE DE LA MAIRIE MELLE  79500 MELLE 
790174    D0328;   LOUBEAU 79500 MELLE;15496;+00270; COMMUNE DE MELLE DE LA MAIRIE MELLE  79500 MELLE 
790174   AB0031;   LE COLOMBIER NORD 79500 MELLE;14255;+00270; COMMUNE DE MELLE DE LA MAIRIE MELLE  79500 MELLE 
790174   AC0022;   MORTAIGRE 79500 MELLE;5313;+00270; COMMUNE DE MELLE DE LA MAIRIE MELLE  79500 MELLE 
790174   AC0076;  RUE DU TAPIS VERT 79500 MELLE;56964;+00270; COMMUNE DE MELLE DE LA MAIRIE MELLE  79500 MELLE 
790174   AC0088;   BAS PARCHAIMBAULT 79500 MELLE;2221;+00270; COMMUNE DE MELLE DE LA MAIRIE MELLE  79500 MELLE 
790174   AC0090;0030  RUE DES JONCHERES 79500 MELLE;3040;+00270; COMMUNE DE MELLE DE LA MAIRIE MELLE  79500 MELLE 
790174   AD0013;0010  RUE SAINT PIERRE 79500 MELLE;1139;+00270; COMMUNE DE MELLE DE LA MAIRIE MELLE  79500 MELLE 
790174   AD0122;0008  RUE DE VILLIERS 79500 MELLE;734;+00270; COMMUNE DE MELLE DE LA MAIRIE MELLE  79500 MELLE 
790174   AD0321;   LE TAPIS VERT 79500 MELLE;1519;+00270; COMMUNE DE MELLE DE LA MAIRIE MELLE  79500 MELLE 
790174   AD0330;5983   DE LA MAIRIE MELLE 79500 MELLE;1982;+00270; COMMUNE DE MELLE DE LA MAIRIE MELLE  79500 MELLE 
790174   AD0331;0003  RUE DU TAPIS VERT 79500 MELLE;3217;+00270; COMMUNE DE MELLE DE LA MAIRIE MELLE  79500 MELLE 
790174   AD0336;   DE LA MAIRIE MELLE 79500 MELLE;4421;+00270; COMMUNE DE MELLE DE LA MAIRIE MELLE  79500 MELLE 
790174   AD0349;   LA BARRIERE 79500 MELLE;1648;+00270; COMMUNE DE MELLE DE LA MAIRIE MELLE  79500 MELLE 
790174   AD0400;9004  RUE SAINT PIERRE 79500 MELLE;3967;+00270; COMMUNE DE MELLE DE LA MAIRIE MELLE  79500 MELLE 
790174   AD0514;   DE LA MAIRIE MELLE 79500 MELLE;832;+00270; COMMUNE DE MELLE DE LA MAIRIE MELLE  79500 MELLE 
790174   AD0517;  RUE DES LAVERIES 79500 MELLE;1393;+00270; COMMUNE DE MELLE DE LA MAIRIE MELLE  79500 MELLE 
790174   AD0518;   LE CLOU 79500 MELLE;999;+00270; COMMUNE DE MELLE DE LA MAIRIE MELLE  79500 MELLE 
790174   AE0259;  RUE DE LA CLIE 79500 MELLE;4494;+00270; COMMUNE DE MELLE DE LA MAIRIE MELLE  79500 MELLE 
790174   AH0153;   LE SIMPLOT 79500 MELLE;7865;+00270; COMMUNE DE MELLE DE LA MAIRIE MELLE  79500 MELLE 
790174   AH0166;   LE SIMPLOT 79500 MELLE;1068;+00270; COMMUNE DE MELLE DE LA MAIRIE MELLE  79500 MELLE 
790174   AH0256;   LA BASSE ROLANDE 79500 MELLE;1079;+00270; COMMUNE DE MELLE DE LA MAIRIE MELLE  79500 MELLE 
790174   AH0265;   CHAMP DE LA ROLANDE 79500 MELLE;11812;+00270; COMMUNE DE MELLE DE LA MAIRIE MELLE  79500 MELLE 
790174   AH0326;9001  RUE DU SIMPLOT 79500 MELLE;5090;+00270; COMMUNE DE MELLE DE LA MAIRIE MELLE  79500 MELLE 
790174   AI0114;9002  RUE EMILIEN TRAVERS 79500 MELLE;1542;+00270; COMMUNE DE MELLE DE LA MAIRIE MELLE  79500 MELLE 
790174   AI0127;6779  PL SAINT SAVINIEN 79500 MELLE;1168;+00270; COMMUNE DE MELLE DE LA MAIRIE MELLE  79500 MELLE 
790174   AI0143;   CENTRE VILLE 79500 MELLE;1169;+00270; COMMUNE DE MELLE DE LA MAIRIE MELLE  79500 MELLE 
790174   AI0144;   CENTRE VILLE 79500 MELLE;1214;+00270; COMMUNE DE MELLE DE LA MAIRIE MELLE  79500 MELLE 
790174   AI0148;   CENTRE VILLE 79500 MELLE;786;+00270; COMMUNE DE MELLE DE LA MAIRIE MELLE  79500 MELLE 
790174   AI0458;   CENTRE VILLE 79500 MELLE;11338;+00270; COMMUNE DE MELLE DE LA MAIRIE MELLE  79500 MELLE 
790174   AI0501;   LA GARENNE 79500 MELLE;2657;+00270; COMMUNE DE MELLE DE LA MAIRIE MELLE  79500 MELLE 
790174   AI0502;   LA GARENNE 79500 MELLE;4932;+00270; COMMUNE DE MELLE DE LA MAIRIE MELLE  79500 MELLE 
790174   AI0503;   LA GARENNE 79500 MELLE;5989;+00270; COMMUNE DE MELLE DE LA MAIRIE MELLE  79500 MELLE 
790174   AI0551;   LA MALADRIE 79500 MELLE;11476;+00270; COMMUNE DE MELLE DE LA MAIRIE MELLE  79500 MELLE 
790174   AI0560;   PRE DE L ECU 79500 MELLE;899;+00270; COMMUNE DE MELLE DE LA MAIRIE MELLE  79500 MELLE 
790174   AI0561;   PRE DE L ECU 79500 MELLE;2464;+00270; COMMUNE DE MELLE DE LA MAIRIE MELLE  79500 MELLE 
790174   AI0562;   PRE DE L ECU 79500 MELLE;8365;+00270; COMMUNE DE MELLE DE LA MAIRIE MELLE  79500 MELLE 
790174   AI0563;9002  RUE FOSSEMAGNE 79500 MELLE;13815;+00270; COMMUNE DE MELLE DE LA MAIRIE MELLE  79500 MELLE 
790174   AI0620;   LA MALADRIE 79500 MELLE;9859;+00270; COMMUNE DE MELLE DE LA MAIRIE MELLE  79500 MELLE 
790174   AI0636;9006  PL RENE GROUSSARD 79500 MELLE;1230;+00270; COMMUNE DE MELLE DE LA MAIRIE MELLE  79500 MELLE 
790174   AI0706;   CENTRE VILLE 79500 MELLE;1123;+00270; COMMUNE DE MELLE DE LA MAIRIE MELLE  79500 MELLE 
790174   AI0761;9006  PL DE STRASBOURG 79500 MELLE;796;+00270; COMMUNE DE MELLE DE LA MAIRIE MELLE  79500 MELLE 
790174   AI0765;   CENTRE VILLE 79500 MELLE;821;+00270; COMMUNE DE MELLE DE LA MAIRIE MELLE  79500 MELLE 
790174   AI0791;9004  RUE DES REMPARTS 79500 MELLE;1604;+00270; COMMUNE DE MELLE DE LA MAIRIE MELLE  79500 MELLE 
790174   AK0060;   FIEF CHOLLET 79500 MELLE;910;+00270; COMMUNE DE MELLE DE LA MAIRIE MELLE  79500 MELLE 
790174   AK0091;   PRES DE BEAUSOLEIL 79500 MELLE;4372;+00270; COMMUNE DE MELLE DE LA MAIRIE MELLE  79500 MELLE 
790174   AK0098;   PRES DE BEAUSOLEIL 79500 MELLE;1168;+00270; COMMUNE DE MELLE DE LA MAIRIE MELLE  79500 MELLE 
790174   AK0108;   PRES DE BEAUSOLEIL 79500 MELLE;7816;+00270; COMMUNE DE MELLE DE LA MAIRIE MELLE  79500 MELLE 
790174   AL0017;   LOUBEAU NORD 79500 MELLE;29140;+00270; COMMUNE DE MELLE DE LA MAIRIE MELLE  79500 MELLE 
790174   AL0034;   LA NOBLETTE 79500 MELLE;7566;+00270; COMMUNE DE MELLE DE LA MAIRIE MELLE  79500 MELLE 
790174   AL0180;   LOUBEAU 79500 MELLE;2752;+00270; COMMUNE DE MELLE DE LA MAIRIE MELLE  79500 MELLE 
790174   AL0212;   LOUBEAU 79500 MELLE;1363;+00270; COMMUNE DE MELLE DE LA MAIRIE MELLE  79500 MELLE 
790174   AL0217;   LOUBEAU NORD 79500 MELLE;1258;+00270; COMMUNE DE MELLE DE LA MAIRIE MELLE  79500 MELLE 
790174   AL0224;0005  RUE DE LA NOBLETTE 79500 MELLE;3870;+00270; COMMUNE DE MELLE DE LA MAIRIE MELLE  79500 MELLE 
790174   AM0113;   CHAMP DE L HOPITAL 79500 MELLE;4510;+00270; COMMUNE DE MELLE DE LA MAIRIE MELLE  79500 MELLE 
790174   AM0114;   CHAMP DE L HOPITAL 79500 MELLE;2987;+00270; COMMUNE DE MELLE DE LA MAIRIE MELLE  79500 MELLE 
790174   AM0116;   CHAMP DE L HOPITAL 79500 MELLE;4598;+00270; COMMUNE DE MELLE DE LA MAIRIE MELLE  79500 MELLE 
790174   AM0260;   SAINT HILAIRE 79500 MELLE;1546;+00270; COMMUNE DE MELLE DE LA MAIRIE MELLE  79500 MELLE 
790174   AM0268;   SAINT HILAIRE 79500 MELLE;1674;+00270; COMMUNE DE MELLE DE LA MAIRIE MELLE  79500 MELLE 
790174   AM0271;   SAINT HILAIRE 79500 MELLE;970;+00270; COMMUNE DE MELLE DE LA MAIRIE MELLE  79500 MELLE 
790174   AM0277;   CHAMP LOUBEAU 79500 MELLE;1593;+00270; COMMUNE DE MELLE DE LA MAIRIE MELLE  79500 MELLE 
790174   AM0280;   CHAMP LOUBEAU 79500 MELLE;942;+00270; COMMUNE DE MELLE DE LA MAIRIE MELLE  79500 MELLE 
790174   AM0289;   CHAMP LOUBEAU 79500 MELLE;1848;+00270; COMMUNE DE MELLE DE LA MAIRIE MELLE  79500 MELLE 
790174   AM0416;   PRE CAILLAUD 79500 MELLE;936;+00554; COMMUNE DE MELLE 0000 QUA QUARTIER MAIRIE  79500 MELLE 
790174   AM0425;   LES MINES 79500 MELLE;741;+00270; COMMUNE DE MELLE DE LA MAIRIE MELLE  79500 MELLE 
790174   AM0435;   PRE CAILLAUD 79500 MELLE;5414;+00270; COMMUNE DE MELLE DE LA MAIRIE MELLE  79500 MELLE 
790174   AM0438;   CHAMP DE L HOPITAL 79500 MELLE;841;+00270; COMMUNE DE MELLE DE LA MAIRIE MELLE  79500 MELLE 
790174   AM0454;   CHAMP LOUBEAU 79500 MELLE;9023;+00270; COMMUNE DE MELLE DE LA MAIRIE MELLE  79500 MELLE 
790174   AM0508;   CITE BABIN 79500 MELLE;2071;+00270; COMMUNE DE MELLE DE LA MAIRIE MELLE  79500 MELLE 
790174   AM0512;   CHAMP DE L HOPITAL 79500 MELLE;16551;+00270; COMMUNE DE MELLE DE LA MAIRIE MELLE  79500 MELLE 
790174   AN0033;   LA POTENCE 79500 MELLE;3620;+00270; COMMUNE DE MELLE DE LA MAIRIE MELLE  79500 MELLE 
790174   AN0096;   SAINT PIERRE 79500 MELLE;1005;+00270; COMMUNE DE MELLE DE LA MAIRIE MELLE  79500 MELLE 
790174   AN0098;   CHAMP DE L ABREUVOIR 79500 MELLE;7344;+00270; COMMUNE DE MELLE DE LA MAIRIE MELLE  79500 MELLE 
790174   AN0244;   FIEF ALLENET 79500 MELLE;2240;+00270; COMMUNE DE MELLE DE LA MAIRIE MELLE  79500 MELLE 
790174   AN0286;   FIEF ALLENET 79500 MELLE;1217;+00270; COMMUNE DE MELLE DE LA MAIRIE MELLE  79500 MELLE 
790174   AN0315;0027 H RUE DE L ABREUVOIR MELLE 79500 MELLE;1058;+00270; COMMUNE DE MELLE DE LA MAIRIE MELLE  79500 MELLE 
790174   AN0319;0002  RUE JULES FERRY 79500 MELLE;818;+00270; COMMUNE DE MELLE DE LA MAIRIE MELLE  79500 MELLE 
790174   AN0325;   CHAMP DE L ABREUVOIR 79500 MELLE;866;+00270; COMMUNE DE MELLE DE LA MAIRIE MELLE  79500 MELLE 
790174   AN0375;   LA GARE 79500 MELLE;2847;+00270; COMMUNE DE MELLE DE LA MAIRIE MELLE  79500 MELLE 
790174   AN0392;   LA GARE 79500 MELLE;22929;+00270; COMMUNE DE MELLE DE LA MAIRIE MELLE  79500 MELLE 
790174   AO0023;   BOIS DES GARENNES 79500 MELLE;29958;+00270; COMMUNE DE MELLE DE LA MAIRIE MELLE  79500 MELLE 
790174   AP0021;   LA PISCINE 79500 MELLE;5057;+00270; COMMUNE DE MELLE DE LA MAIRIE MELLE  79500 MELLE 
790174   AP0022;   LA PISCINE 79500 MELLE;4372;+00270; COMMUNE DE MELLE DE LA MAIRIE MELLE  79500 MELLE 
790174   AP0023;   LA PISCINE 79500 MELLE;3421;+00270; COMMUNE DE MELLE DE LA MAIRIE MELLE  79500 MELLE 
790174   AR0001;   LES GRANDES RIVIERES 79500 MELLE;2907;+00270; COMMUNE DE MELLE DE LA MAIRIE MELLE  79500 MELLE 
790174   AR0002;   LES GRANDES RIVIERES 79500 MELLE;1958;+00270; COMMUNE DE MELLE DE LA MAIRIE MELLE  79500 MELLE 
790174   AR0004;   LES GRANDES RIVIERES 79500 MELLE;3077;+00270; COMMUNE DE MELLE DE LA MAIRIE MELLE  79500 MELLE 
790174   AR0006;   LES GRANDES RIVIERES 79500 MELLE;3329;+00270; COMMUNE DE MELLE DE LA MAIRIE MELLE  79500 MELLE 
790174   AT0146;   CHAMP DE VILLIERS 79500 MELLE;9453;+00270; COMMUNE DE MELLE DE LA MAIRIE MELLE  79500 MELLE 
790174   AT0147;   CHAMP DE VILLIERS 79500 MELLE;2131;+00270; COMMUNE DE MELLE DE LA MAIRIE MELLE  79500 MELLE 
790174   AT0166;   LES MONTAGNES 79500 MELLE;4040;+00270; COMMUNE DE MELLE DE LA MAIRIE MELLE  79500 MELLE 
790174   AT0177;   LES MONTAGNES 79500 MELLE;3262;+00270; COMMUNE DE MELLE DE LA MAIRIE MELLE  79500 MELLE 
790174   AT0179;   LES MONTAGNES 79500 MELLE;2878;+00270; COMMUNE DE MELLE DE LA MAIRIE MELLE  79500 MELLE 
790174   AV0008;   LES JONCHERES 79500 MELLE;9697;+00270; COMMUNE DE MELLE DE LA MAIRIE MELLE  79500 MELLE 
790174   XA0017;   SAINT THIBAULT MELLE 79500 MELLE;10489;+00202; COMMUNE DE SAINT LEGER DE LA MARTINIERE LE BOURG ST LEGER  79500 MELLE 
790174   XA0031;   LA CROIX CASSELIN 79500 MELLE;952;+00270; COMMUNE DE MELLE DE LA MAIRIE MELLE  79500 MELLE 
790174   XA0033;   LA CROIX CASSELIN 79500 MELLE;1271;+00270; COMMUNE DE MELLE DE LA MAIRIE MELLE  79500 MELLE 
790174   XA0048;   LA PIECE 79500 MELLE;949;+00270; COMMUNE DE MELLE DE LA MAIRIE MELLE  79500 MELLE 
790174   XA0055;   LES FOMBLANCHES MELLE 79500 MELLE;812;+00270; COMMUNE DE MELLE DE LA MAIRIE MELLE  79500 MELLE 
790174   XB0074;   PARCHAIMBAULT 79500 MELLE;16426;+00270; COMMUNE DE MELLE DE LA MAIRIE MELLE  79500 MELLE 
790174173 B0289;0016  RTE DE CANTEAU MAZIERES 79500 MELLE;1500;+00389; COMMUNE DE MAZIERES SUR BERONNE   79500 MELLE 
790174173 C0218;0015  PLE DU CHAMP DE FOIRE 79500 MELLE;1880;+00389; COMMUNE DE MAZIERES SUR BERONNE   79500 MELLE 
790174173 C0232;0013  PLE DU CHAMP DE FOIRE 79500 MELLE;5648;+00389; COMMUNE DE MAZIERES SUR BERONNE   79500 MELLE 
790174173 C0250;   CHARZAY 79500 MELLE;1135;+00389; COMMUNE DE MAZIERES SUR BERONNE   79500 MELLE 
790174173 C0251;   CHARZAY 79500 MELLE;1630;+00389; COMMUNE DE MAZIERES SUR BERONNE   79500 MELLE 
790174173 C0328;   LA TORSERIE 79500 MELLE;905;+00389; COMMUNE DE MAZIERES SUR BERONNE   79500 MELLE 
790174173 C0479;   LE PETIT BEAUVAIS 79500 MELLE;8240;+00389; COMMUNE DE MAZIERES SUR BERONNE   79500 MELLE 
790174173 C0662;   CHARZAY 79500 MELLE;1373;+00389; COMMUNE DE MAZIERES SUR BERONNE   79500 MELLE 
790174173 C0663;   CHARZAY 79500 MELLE;882;+00389; COMMUNE DE MAZIERES SUR BERONNE   79500 MELLE 
790174173 C0715;   CHARZAY 79500 MELLE;7025;+00389; COMMUNE DE MAZIERES SUR BERONNE   79500 MELLE 
790174173 C0728;0004  RTE DES MORPANES CHARZAY 79500 MELLE;922;+00389; COMMUNE DE MAZIERES SUR BERONNE   79500 MELLE 
790174173 C0762;0010  RTE DE L'ASSEMBLEE AUX DAMES 79500 MELLE;1044;+00389; COMMUNE DE MAZIERES SUR BERONNE   79500 MELLE 
790174173 C0763;0008  RTE DE L'ASSEMBLEE AUX DAMES 79500 MELLE;1018;+00389; COMMUNE DE MAZIERES SUR BERONNE   79500 MELLE 
790174173ZA0035;   LA GROIE BOUROLLE 79500 MELLE;9300;+00389; COMMUNE DE MAZIERES SUR BERONNE   79500 MELLE 
790174173ZA0043;   LE PATUREAU NORD MAZIERES 79500 MELLE;17760;+00389; COMMUNE DE MAZIERES SUR BERONNE   79500 MELLE 
790174173ZA0047;   LA PLAINE DE FOUGEROLLE 79500 MELLE;1730;+00389; COMMUNE DE MAZIERES SUR BERONNE   79500 MELLE 
790174173ZA0048;   LA PLAINE DE FOUGEROLLE 79500 MELLE;4500;+00389; COMMUNE DE MAZIERES SUR BERONNE   79500 MELLE 
790174173ZB0067;   LA FERLANDRIE NORD 79500 MELLE;2160;+00389; COMMUNE DE MAZIERES SUR BERONNE   79500 MELLE 
790174173ZE0001;   LE FIEF DU GRAND CHATELIER 79500 MELLE;11840;+00389; COMMUNE DE MAZIERES SUR BERONNE   79500 MELLE 
790174173ZE0019;   LES TURCHAUDS 79500 MELLE;3150;+00389; COMMUNE DE MAZIERES SUR BERONNE   79500 MELLE 
790174173ZE0028;   LES TURCHAUDS 79500 MELLE;4185;+00389; COMMUNE DE MAZIERES SUR BERONNE   79500 MELLE 
790174173ZE0031;   LES TURCHAUDS 79500 MELLE;5045;+00389; COMMUNE DE MAZIERES SUR BERONNE   79500 MELLE 
790174173ZE0036;   LES TURCHAUDS 79500 MELLE;2084;+00389; COMMUNE DE MAZIERES SUR BERONNE   79500 MELLE 
790174173ZE0038;   LES TURCHAUDS 79500 MELLE;2482;+00389; COMMUNE DE MAZIERES SUR BERONNE   79500 MELLE 
790174173ZE0039;   LES TURCHAUDS 79500 MELLE;2603;+00389; COMMUNE DE MAZIERES SUR BERONNE   79500 MELLE 
790174173ZK0031;   LA GRANDE PIECE MAZIERES 79500 MELLE;4190;+00389; COMMUNE DE MAZIERES SUR BERONNE   79500 MELLE 
790174173ZK0032;   LA GRANDE PIECE MAZIERES 79500 MELLE;3680;+00389; COMMUNE DE MAZIERES SUR BERONNE   79500 MELLE 
790174173ZK0034;   LA GRANDE PIECE MAZIERES 79500 MELLE;3645;+00389; COMMUNE DE MAZIERES SUR BERONNE   79500 MELLE 
790174199 A0051;   CHATEAU GAILLARD 79500 MELLE;7690;+00434; COMMUNE DE PAIZAY LE TORT   79500 MELLE 
790174199 A0063;0001  PL CHATEAU GAILLARD 79500 MELLE;1765;+00434; COMMUNE DE PAIZAY LE TORT   79500 MELLE 
790174199 A0084;0002  RUE DU STADE PAIZAY 79500 MELLE;1260;+00434; COMMUNE DE PAIZAY LE TORT   79500 MELLE 
790174199 A0085;0002  RUE DU STADE PAIZAY 79500 MELLE;1280;+00434; COMMUNE DE PAIZAY LE TORT   79500 MELLE 
790174199 A0148;   LA BOUCHONNERIE 79500 MELLE;7310;+00434; COMMUNE DE PAIZAY LE TORT   79500 MELLE 
790174199 A0149;   LA BOUCHONNERIE 79500 MELLE;1840;+00434; COMMUNE DE PAIZAY LE TORT   79500 MELLE 
790174199 A0150;   LA BOUCHONNERIE 79500 MELLE;2900;+00434; COMMUNE DE PAIZAY LE TORT   79500 MELLE 
790174199 A0151;   LA BOUCHONNERIE 79500 MELLE;4850;+00434; COMMUNE DE PAIZAY LE TORT   79500 MELLE 
790174199 A0156;   LA BOUCHONNERIE 79500 MELLE;2950;+00434; COMMUNE DE PAIZAY LE TORT   79500 MELLE 
790174199 A0416;   LES VIGNES DE PONTHIOUX 79500 MELLE;3000;+00434; COMMUNE DE PAIZAY LE TORT   79500 MELLE 
790174199 A0434;0012  RUE DE L'EGLISE SAINT PIERRE 79500 MELLE;1202;+00434; COMMUNE DE PAIZAY LE TORT   79500 MELLE 
790174199 A0469;0001  RUE DU STADE PAIZAY 79500 MELLE;6065;+00434; COMMUNE DE PAIZAY LE TORT   79500 MELLE 
790174199 A0471;   LA BOUCHONNERIE 79500 MELLE;5140;+00434; COMMUNE DE PAIZAY LE TORT   79500 MELLE 
790174199 A0473;   LA BOUCHONNERIE 79500 MELLE;7166;+00434; COMMUNE DE PAIZAY LE TORT   79500 MELLE 
790174199 A0474;0002  RUE DU PONT DE PEROUZEAU 79500 MELLE;5023;+00434; COMMUNE DE PAIZAY LE TORT   79500 MELLE 
790174199 A0499;0001  PL CHATEAU GAILLARD 79500 MELLE;998;+00434; COMMUNE DE PAIZAY LE TORT   79500 MELLE 
790174199 B0125;   LA BARETTE 79500 MELLE;7410;+00434; COMMUNE DE PAIZAY LE TORT   79500 MELLE 
790174199 B0349;   LE BOURG PAIZAY 79500 MELLE;1930;+00434; COMMUNE DE PAIZAY LE TORT   79500 MELLE 
790174199 B1113;   PONTHIOUX 79500 MELLE;3297;+00434; COMMUNE DE PAIZAY LE TORT   79500 MELLE 
790174199 B1176;   LE QUEROY 79500 MELLE;760;+00434; COMMUNE DE PAIZAY LE TORT   79500 MELLE 
790174199 B1230;   LE BOURG PAIZAY 79500 MELLE;909;+00434; COMMUNE DE PAIZAY LE TORT   79500 MELLE 
790174199 B1266;0003  RUE DU PONT DE PEROUZEAU 79500 MELLE;1102;+00434; COMMUNE DE PAIZAY LE TORT   79500 MELLE 
790174199ZC0009;   LA PLAINE DU MOULIN A VENT 79500 MELLE;5240;+00434; COMMUNE DE PAIZAY LE TORT   79500 MELLE 
790174199ZC0089;0017  LOT BEL AIR 79500 MELLE;1575;+00434; COMMUNE DE PAIZAY LE TORT   79500 MELLE 
790174199ZC0090;   LA PLAINE DU MOULIN A VENT 79500 MELLE;1242;+00434; COMMUNE DE PAIZAY LE TORT   79500 MELLE 
790174199ZC0092;0002  LOT BEL AIR 79500 MELLE;1125;+00434; COMMUNE DE PAIZAY LE TORT   79500 MELLE 
790174199ZC0110;   LA PLAINE DU MOULIN A VENT 79500 MELLE;3766;+00434; COMMUNE DE PAIZAY LE TORT   79500 MELLE 
790174199ZC0114;   LA PLAINE DU MOULIN A VENT 79500 MELLE;1617;+00434; COMMUNE DE PAIZAY LE TORT   79500 MELLE 
790174199ZC0116;   LA PLAINE DU MOULIN A VENT 79500 MELLE;5084;+00434; COMMUNE DE PAIZAY LE TORT   79500 MELLE 
790174199ZH0046;   LA BARETTE SUD 79500 MELLE;23071;+00434; COMMUNE DE PAIZAY LE TORT   79500 MELLE 
790174199ZH0058;   LA GROIE OUEST 79500 MELLE;1510;+00434; COMMUNE DE PAIZAY LE TORT   79500 MELLE 
790174264 C0925;   LA NOUETTE 79500 MELLE;6111;+00202; COMMUNE DE SAINT LEGER DE LA MARTINIERE LE BOURG ST LEGER  79500 MELLE 
790174264 C0926;   LA NOUETTE 79500 MELLE;1019;+00202; COMMUNE DE SAINT LEGER DE LA MARTINIERE LE BOURG ST LEGER  79500 MELLE 
790174264 H0334;   PIED POUZIN 79500 MELLE;756;+00202; COMMUNE DE SAINT LEGER DE LA MARTINIERE LE BOURG ST LEGER  79500 MELLE 
790174264 I0048;   L AUBOUINIERE 79500 MELLE;2000;+00202; COMMUNE DE SAINT LEGER DE LA MARTINIERE LE BOURG ST LEGER  79500 MELLE 
790174264 I0094;   LES PAULT DE SAINT THIBAUL 79500 MELLE;7800;+00202; COMMUNE DE SAINT LEGER DE LA MARTINIERE LE BOURG ST LEGER  79500 MELLE 
790174264 I0098;   LES PAULT DE SAINT THIBAUL 79500 MELLE;11020;+00202; COMMUNE DE SAINT LEGER DE LA MARTINIERE LE BOURG ST LEGER  79500 MELLE 
790174264 I0102;   LES PAULT DE SAINT THIBAUL 79500 MELLE;1100;+00202; COMMUNE DE SAINT LEGER DE LA MARTINIERE LE BOURG ST LEGER  79500 MELLE 
790174264 I0103;   LES PAULT DE SAINT THIBAUL 79500 MELLE;6860;+00202; COMMUNE DE SAINT LEGER DE LA MARTINIERE LE BOURG ST LEGER  79500 MELLE 
790174264 I0104;   LES PAULT DE SAINT THIBAUL 79500 MELLE;2150;+00202; COMMUNE DE SAINT LEGER DE LA MARTINIERE LE BOURG ST LEGER  79500 MELLE 
790174264 I0105;   LES PAULT DE SAINT THIBAUL 79500 MELLE;3480;+00202; COMMUNE DE SAINT LEGER DE LA MARTINIERE LE BOURG ST LEGER  79500 MELLE 
790174264 I0113;   LE GRAND PRE ST LEGER 79500 MELLE;19400;+00202; COMMUNE DE SAINT LEGER DE LA MARTINIERE LE BOURG ST LEGER  79500 MELLE 
790174264 I0114;   LE GRAND PRE ST LEGER 79500 MELLE;1070;+00202; COMMUNE DE SAINT LEGER DE LA MARTINIERE LE BOURG ST LEGER  79500 MELLE 
790174264 I0115;   LE GRAND PRE ST LEGER 79500 MELLE;8820;+00202; COMMUNE DE SAINT LEGER DE LA MARTINIERE LE BOURG ST LEGER  79500 MELLE 
790174264 I0202;   LES RENAUDRIES 79500 MELLE;10960;+00202; COMMUNE DE SAINT LEGER DE LA MARTINIERE LE BOURG ST LEGER  79500 MELLE 
790174264 I0244;0009  RTE DE LA BERTRAMIERE 79500 MELLE;890;+00202; COMMUNE DE SAINT LEGER DE LA MARTINIERE LE BOURG ST LEGER  79500 MELLE 
790174264 I0405;   LE CHAILLOT ST LEGER 79500 MELLE;989;+00202; COMMUNE DE SAINT LEGER DE LA MARTINIERE LE BOURG ST LEGER  79500 MELLE 
790174264 I0406;   LE CHAILLOT ST LEGER 79500 MELLE;1421;+00202; COMMUNE DE SAINT LEGER DE LA MARTINIERE LE BOURG ST LEGER  79500 MELLE 
790174264 I0438;   PRES DE PIED POUZIN SUD 79500 MELLE;1740;+00202; COMMUNE DE SAINT LEGER DE LA MARTINIERE LE BOURG ST LEGER  79500 MELLE 
790174264 I0440;   PRES DE PIED POUZIN SUD 79500 MELLE;1740;+00202; COMMUNE DE SAINT LEGER DE LA MARTINIERE LE BOURG ST LEGER  79500 MELLE 
790174264AB0006;   LE BOURG DE ST LEGER LES M 79500 MELLE;1449;+00202; COMMUNE DE SAINT LEGER DE LA MARTINIERE LE BOURG ST LEGER  79500 MELLE 
790174264AB0007;   LE BOURG DE ST LEGER LES M 79500 MELLE;1512;+00202; COMMUNE DE SAINT LEGER DE LA MARTINIERE LE BOURG ST LEGER  79500 MELLE 
790174264AB0017;   LE BOURG DE ST LEGER LES M 79500 MELLE;6525;+00202; COMMUNE DE SAINT LEGER DE LA MARTINIERE LE BOURG ST LEGER  79500 MELLE 
790174264AB0020;   LE BOURG DE ST LEGER LES M 79500 MELLE;1705;+00202; COMMUNE DE SAINT LEGER DE LA MARTINIERE LE BOURG ST LEGER  79500 MELLE 
790174264AB0024;   LE BOURG DE ST LEGER LES M 79500 MELLE;1398;+00202; COMMUNE DE SAINT LEGER DE LA MARTINIERE LE BOURG ST LEGER  79500 MELLE 
790174264AB0025;   LE BOURG DE ST LEGER LES M 79500 MELLE;826;+00202; COMMUNE DE SAINT LEGER DE LA MARTINIERE LE BOURG ST LEGER  79500 MELLE 
790174264AB0052;0001  RUE DE LA MAIRIE ST LEGER 79500 MELLE;760;+00202; COMMUNE DE SAINT LEGER DE LA MARTINIERE LE BOURG ST LEGER  79500 MELLE 
790174264AB0113;   LE BOURG DE ST LEGER LES M 79500 MELLE;1166;+00202; COMMUNE DE SAINT LEGER DE LA MARTINIERE LE BOURG ST LEGER  79500 MELLE 
790174264AB0153;0004  CHE DES TALLES ST LEGER 79500 MELLE;1465;+00202; COMMUNE DE SAINT LEGER DE LA MARTINIERE LE BOURG ST LEGER  79500 MELLE 
790174264AB0184;   LE BOURG DE ST LEGER LES M 79500 MELLE;11982;+00202; COMMUNE DE SAINT LEGER DE LA MARTINIERE LE BOURG ST LEGER  79500 MELLE 
790174264AB0199;   LE BOURG DE ST LEGER LES M 79500 MELLE;1684;+00202; COMMUNE DE SAINT LEGER DE LA MARTINIERE LE BOURG ST LEGER  79500 MELLE 
790174264AB0201;   LE BOURG DE ST LEGER LES M 79500 MELLE;1073;+00451; COMMUNE DE SAINT LEGER DE LA MARTINIERE   79500 MELLE 
790174264AC0086;0005  IMP DU FEU 79500 MELLE;1487;+00270; COMMUNE DE MELLE DE LA MAIRIE MELLE  79500 MELLE 
790174264AC0087;0005  IMP DU FEU 79500 MELLE;1110;+00270; COMMUNE DE MELLE DE LA MAIRIE MELLE  79500 MELLE 
790174264AC0088;0005  IMP DU FEU 79500 MELLE;3592;+00270; COMMUNE DE MELLE DE LA MAIRIE MELLE  79500 MELLE 
790174264AC0098;   LE PINIER 79500 MELLE;29388;+00202; COMMUNE DE SAINT LEGER DE LA MARTINIERE LE BOURG ST LEGER  79500 MELLE 
790174264AC0103;   LE PINIER 79500 MELLE;3168;+00202; COMMUNE DE SAINT LEGER DE LA MARTINIERE LE BOURG ST LEGER  79500 MELLE 
790174264AD0062;   CHAMPS DU BOURG 79500 MELLE;2033;+00202; COMMUNE DE SAINT LEGER DE LA MARTINIERE LE BOURG ST LEGER  79500 MELLE 
790174264AD0116;   CHAMPS DU BOURG 79500 MELLE;833;+00202; COMMUNE DE SAINT LEGER DE LA MARTINIERE LE BOURG ST LEGER  79500 MELLE 
790174264AD0137;0002  RUE DE LA PIECE 79500 MELLE;1193;+00202; COMMUNE DE SAINT LEGER DE LA MARTINIERE LE BOURG ST LEGER  79500 MELLE 
790174264AD0146;   CHAMPS DU BOURG 79500 MELLE;1718;+00202; COMMUNE DE SAINT LEGER DE LA MARTINIERE LE BOURG ST LEGER  79500 MELLE 
790174264AD0155;0005  RUE DE LA VIGNE 79500 MELLE;2564;+00202; COMMUNE DE SAINT LEGER DE LA MARTINIERE LE BOURG ST LEGER  79500 MELLE 
790174264AD0157;0002  RUE DE LA PIECE 79500 MELLE;1661;+00202; COMMUNE DE SAINT LEGER DE LA MARTINIERE LE BOURG ST LEGER  79500 MELLE 
790174264AE0008;   GACHET 79500 MELLE;7788;+00202; COMMUNE DE SAINT LEGER DE LA MARTINIERE LE BOURG ST LEGER  79500 MELLE 
790174264AE0046;   BOIS DE LA ROCHE 79500 MELLE;3582;+00451; COMMUNE DE SAINT LEGER DE LA MARTINIERE   79500 MELLE 
790174264AH0009;   L USINE 79500 MELLE;1555;+00202; COMMUNE DE SAINT LEGER DE LA MARTINIERE LE BOURG ST LEGER  79500 MELLE 
790174264AH0010;   L USINE 79500 MELLE;1404;+00202; COMMUNE DE SAINT LEGER DE LA MARTINIERE LE BOURG ST LEGER  79500 MELLE 
790174264AH0119;   L USINE 79500 MELLE;1486;+00202; COMMUNE DE SAINT LEGER DE LA MARTINIERE LE BOURG ST LEGER  79500 MELLE 
790174264AN0001;   LA GROUSSARDIERE 79500 MELLE;1192;+00202; COMMUNE DE SAINT LEGER DE LA MARTINIERE LE BOURG ST LEGER  79500 MELLE 
790174264AN0027;   LA MARTINIERE 79500 MELLE;969;+00202; COMMUNE DE SAINT LEGER DE LA MARTINIERE LE BOURG ST LEGER  79500 MELLE 
790174264ZB0008;   LA PLAINE DE VAUGAUDON 79500 MELLE;8600;+00202; COMMUNE DE SAINT LEGER DE LA MARTINIERE LE BOURG ST LEGER  79500 MELLE 
790174264ZB0014;   LA PLAINE DE VAUGAUDON 79500 MELLE;4662;+00202; COMMUNE DE SAINT LEGER DE LA MARTINIERE LE BOURG ST LEGER  79500 MELLE 
790174264ZD0007;   TERRES DU HAUT BIGNON 79500 MELLE;820;+00202; COMMUNE DE SAINT LEGER DE LA MARTINIERE LE BOURG ST LEGER  79500 MELLE 
790174264ZD0014;   FONTARNAUD 79500 MELLE;2380;+00202; COMMUNE DE SAINT LEGER DE LA MARTINIERE LE BOURG ST LEGER  79500 MELLE 
790174264ZD0040;   GRAND PRE NEUF 79500 MELLE;840;+00202; COMMUNE DE SAINT LEGER DE LA MARTINIERE LE BOURG ST LEGER  79500 MELLE 
790174264ZE0041;   LA PLAINE DU BREUIL 79500 MELLE;1340;+00202; COMMUNE DE SAINT LEGER DE LA MARTINIERE LE BOURG ST LEGER  79500 MELLE 
790174264ZH0012;   LA SAUZEE 79500 MELLE;1450;+00202; COMMUNE DE SAINT LEGER DE LA MARTINIERE LE BOURG ST LEGER  79500 MELLE 
790174264ZH0064;   LA PLAINE DU GRAND CHEMIN 79500 MELLE;4295;+00202; COMMUNE DE SAINT LEGER DE LA MARTINIERE LE BOURG ST LEGER  79500 MELLE 
790174264ZK0017;   LES BRANDEAUX 79500 MELLE;1001;+00202; COMMUNE DE SAINT LEGER DE LA MARTINIERE LE BOURG ST LEGER  79500 MELLE 
790174264ZK0018;   LES BRANDEAUX 79500 MELLE;1760;+00202; COMMUNE DE SAINT LEGER DE LA MARTINIERE LE BOURG ST LEGER  79500 MELLE 
790174264ZK0029;   LES CHAMPS DE L HOMME 79500 MELLE;1730;+00202; COMMUNE DE SAINT LEGER DE LA MARTINIERE LE BOURG ST LEGER  79500 MELLE 
790174264ZK0034;   LES PARENTIERES 79500 MELLE;1344;+00202; COMMUNE DE SAINT LEGER DE LA MARTINIERE LE BOURG ST LEGER  79500 MELLE 
790174264ZK0037;   LES PARENTIERES 79500 MELLE;16746;+00202; COMMUNE DE SAINT LEGER DE LA MARTINIERE LE BOURG ST LEGER  79500 MELLE 
790174264ZK0043;   LA RIVIERE DE L ENCLAVE 79500 MELLE;1264;+00202; COMMUNE DE SAINT LEGER DE LA MARTINIERE LE BOURG ST LEGER  79500 MELLE 
790174264ZL0020;   LES NOUES 79500 MELLE;1217;+00202; COMMUNE DE SAINT LEGER DE LA MARTINIERE LE BOURG ST LEGER  79500 MELLE 
790174264ZL0027;   L EPINASSE 79500 MELLE;1996;+00202; COMMUNE DE SAINT LEGER DE LA MARTINIERE LE BOURG ST LEGER  79500 MELLE 
790174264ZL0039;   L EPINASSE 79500 MELLE;1721;+00202; COMMUNE DE SAINT LEGER DE LA MARTINIERE LE BOURG ST LEGER  79500 MELLE 
790174264ZM0005;   LA VERGNE ST LEGER 79500 MELLE;1491;+00202; COMMUNE DE SAINT LEGER DE LA MARTINIERE LE BOURG ST LEGER  79500 MELLE 
790174264ZM0006;   FONTEILLE 79500 MELLE;2041;+00202; COMMUNE DE SAINT LEGER DE LA MARTINIERE LE BOURG ST LEGER  79500 MELLE 
790174264ZM0011;   FONTEILLE 79500 MELLE;5470;+00202; COMMUNE DE SAINT LEGER DE LA MARTINIERE LE BOURG ST LEGER  79500 MELLE 
790174264ZM0012;   FONTEILLE 79500 MELLE;1289;+00202; COMMUNE DE SAINT LEGER DE LA MARTINIERE LE BOURG ST LEGER  79500 MELLE 
790174264ZM0049;   LES PRES DE LA FRAGNEE 79500 MELLE;3784;+00202; COMMUNE DE SAINT LEGER DE LA MARTINIERE LE BOURG ST LEGER  79500 MELLE 
790174264ZM0064;   LES PLANIS DE L ENCLAVE 79500 MELLE;6827;+00202; COMMUNE DE SAINT LEGER DE LA MARTINIERE LE BOURG ST LEGER  79500 MELLE 
790174264ZM0069;   LES CHAMPS DE LA CHAUME 79500 MELLE;879;+00202; COMMUNE DE SAINT LEGER DE LA MARTINIERE LE BOURG ST LEGER  79500 MELLE 
790174264ZM0075;   LES CHAMPS DE LA CHAUME 79500 MELLE;15997;+00202; COMMUNE DE SAINT LEGER DE LA MARTINIERE LE BOURG ST LEGER  79500 MELLE 
790174264ZM0079;   LE PROTIER 79500 MELLE;843;+00202; COMMUNE DE SAINT LEGER DE LA MARTINIERE LE BOURG ST LEGER  79500 MELLE 
790174264ZM0093;   LES SABLONS 79500 MELLE;1781;+00202; COMMUNE DE SAINT LEGER DE LA MARTINIERE LE BOURG ST LEGER  79500 MELLE 
790174264ZM0121;   LA GRIMAUDIERE 79500 MELLE;1275;+00202; COMMUNE DE SAINT LEGER DE LA MARTINIERE LE BOURG ST LEGER  79500 MELLE 
790174264ZM0131;   LES PLANIS DE L ENCLAVE 79500 MELLE;5875;+00202; COMMUNE DE SAINT LEGER DE LA MARTINIERE LE BOURG ST LEGER  79500 MELLE 
790174264ZM0137;   FONTEILLE 79500 MELLE;15547;+00202; COMMUNE DE SAINT LEGER DE LA MARTINIERE LE BOURG ST LEGER  79500 MELLE 
790174264ZN0007;   LES BRUERAUX 79500 MELLE;9435;+00202; COMMUNE DE SAINT LEGER DE LA MARTINIERE LE BOURG ST LEGER  79500 MELLE 
790174264ZN0030;   LES MAYOLLIERES 79500 MELLE;863;+00202; COMMUNE DE SAINT LEGER DE LA MARTINIERE LE BOURG ST LEGER  79500 MELLE 
790174264ZN0050;   LES PLANS DE CHATENET 79500 MELLE;2207;+00202; COMMUNE DE SAINT LEGER DE LA MARTINIERE LE BOURG ST LEGER  79500 MELLE 
790174264ZO0002;   LES CHAMPS DU MOULIN 79500 MELLE;1056;+00202; COMMUNE DE SAINT LEGER DE LA MARTINIERE LE BOURG ST LEGER  79500 MELLE 
790174264ZO0003;   LES CHAMPS DU MOULIN 79500 MELLE;2330;+00202; COMMUNE DE SAINT LEGER DE LA MARTINIERE LE BOURG ST LEGER  79500 MELLE 
790174264ZO0016;   LES TOUCHES 79500 MELLE;7922;+00202; COMMUNE DE SAINT LEGER DE LA MARTINIERE LE BOURG ST LEGER  79500 MELLE 
790174264ZO0030;   LE BROUSSARD 79500 MELLE;818;+00202; COMMUNE DE SAINT LEGER DE LA MARTINIERE LE BOURG ST LEGER  79500 MELLE 
790174264ZO0032;   LE BROUSSARD 79500 MELLE;6215;+00202; COMMUNE DE SAINT LEGER DE LA MARTINIERE LE BOURG ST LEGER  79500 MELLE 
790174264ZO0037;   LE BROUSSARD 79500 MELLE;1831;+00202; COMMUNE DE SAINT LEGER DE LA MARTINIERE LE BOURG ST LEGER  79500 MELLE 
790174264ZO0057;   LE CRAPAUD 79500 MELLE;16481;+00202; COMMUNE DE SAINT LEGER DE LA MARTINIERE LE BOURG ST LEGER  79500 MELLE 
790174264ZO0062;   LES CHAUMETTES 79500 MELLE;879;+00202; COMMUNE DE SAINT LEGER DE LA MARTINIERE LE BOURG ST LEGER  79500 MELLE 
790174264ZO0086;   LES CHETIFS PRES 79500 MELLE;843;+00202; COMMUNE DE SAINT LEGER DE LA MARTINIERE LE BOURG ST LEGER  79500 MELLE 
790174264ZO0100;   L ERPINIERE 79500 MELLE;1107;+00202; COMMUNE DE SAINT LEGER DE LA MARTINIERE LE BOURG ST LEGER  79500 MELLE 
790174264ZR0018;   LES PATUREAUX NORD ST LEGE 79500 MELLE;1968;+00202; COMMUNE DE SAINT LEGER DE LA MARTINIERE LE BOURG ST LEGER  79500 MELLE 
790174264ZR0023;   TERRES DE PIED GUILLON 79500 MELLE;3778;+00202; COMMUNE DE SAINT LEGER DE LA MARTINIERE LE BOURG ST LEGER  79500 MELLE 
790174264ZR0032;   PIED GUILLON 79500 MELLE;1381;+00202; COMMUNE DE SAINT LEGER DE LA MARTINIERE LE BOURG ST LEGER  79500 MELLE 
790174264ZR0037;   PIED GUILLON 79500 MELLE;1045;+00202; COMMUNE DE SAINT LEGER DE LA MARTINIERE LE BOURG ST LEGER  79500 MELLE 
790174264ZR0039;   PIED GUILLON 79500 MELLE;7467;+00202; COMMUNE DE SAINT LEGER DE LA MARTINIERE LE BOURG ST LEGER  79500 MELLE 
790174264ZR0041;   PIED GUILLON 79500 MELLE;754;+00202; COMMUNE DE SAINT LEGER DE LA MARTINIERE LE BOURG ST LEGER  79500 MELLE 
790174264ZR0055;   LES PRES PERSONNIERE 79500 MELLE;3323;+00202; COMMUNE DE SAINT LEGER DE LA MARTINIERE LE BOURG ST LEGER  79500 MELLE 
790174264ZR0056;   LES PRES PERSONNIERE 79500 MELLE;903;+00202; COMMUNE DE SAINT LEGER DE LA MARTINIERE LE BOURG ST LEGER  79500 MELLE 
790174264ZR0060;   BOIS DE LA CURE 79500 MELLE;829;+00202; COMMUNE DE SAINT LEGER DE LA MARTINIERE LE BOURG ST LEGER  79500 MELLE 
790174264ZR0066;   PRE DES PLACES 79500 MELLE;1006;+00202; COMMUNE DE SAINT LEGER DE LA MARTINIERE LE BOURG ST LEGER  79500 MELLE 
790174264ZR0070;   PRE DES PLACES 79500 MELLE;2453;+00202; COMMUNE DE SAINT LEGER DE LA MARTINIERE LE BOURG ST LEGER  79500 MELLE 
790174264ZR0071;   PRE DES PLACES 79500 MELLE;1199;+00202; COMMUNE DE SAINT LEGER DE LA MARTINIERE LE BOURG ST LEGER  79500 MELLE 
790174264ZR0073;   PRE DES PLACES 79500 MELLE;2054;+00202; COMMUNE DE SAINT LEGER DE LA MARTINIERE LE BOURG ST LEGER  79500 MELLE 
790174264ZR0084;   PRE DES PLACES 79500 MELLE;794;+00202; COMMUNE DE SAINT LEGER DE LA MARTINIERE LE BOURG ST LEGER  79500 MELLE 
790174264ZR0089;   PRE DES PLACES 79500 MELLE;2836;+00202; COMMUNE DE SAINT LEGER DE LA MARTINIERE LE BOURG ST LEGER  79500 MELLE 
790174264ZR0091;   PIED GUILLON 79500 MELLE;980;+00202; COMMUNE DE SAINT LEGER DE LA MARTINIERE LE BOURG ST LEGER  79500 MELLE 
790174264ZR0114;   CHAMPS DES BOIS DE MELLE 79500 MELLE;1156;+00202; COMMUNE DE SAINT LEGER DE LA MARTINIERE LE BOURG ST LEGER  79500 MELLE 
790174264ZS0016;   LES FOUGERES 79500 MELLE;863;+00202; COMMUNE DE SAINT LEGER DE LA MARTINIERE LE BOURG ST LEGER  79500 MELLE 
790174264ZS0040;   LA PLAINE DU GRAND CHEMIN 79500 MELLE;1665;+00202; COMMUNE DE SAINT LEGER DE LA MARTINIERE LE BOURG ST LEGER  79500 MELLE 
790174264ZT0013;   LA TERRIERE 79500 MELLE;1286;+00202; COMMUNE DE SAINT LEGER DE LA MARTINIERE LE BOURG ST LEGER  79500 MELLE 
790174264ZT0023;   LA CRENESSIERE 79500 MELLE;950;+00202; COMMUNE DE SAINT LEGER DE LA MARTINIERE LE BOURG ST LEGER  79500 MELLE 
790174264ZV0005;   LES CHAMPS DE MAREUIL 79500 MELLE;1882;+00202; COMMUNE DE SAINT LEGER DE LA MARTINIERE LE BOURG ST LEGER  79500 MELLE 
790174264ZV0008;   L EPINE 79500 MELLE;2191;+00202; COMMUNE DE SAINT LEGER DE LA MARTINIERE LE BOURG ST LEGER  79500 MELLE 
790174264ZV0014;   L EPINE 79500 MELLE;1597;+00202; COMMUNE DE SAINT LEGER DE LA MARTINIERE LE BOURG ST LEGER  79500 MELLE 
790174264ZV0018;   LA GRANDE VALLETTIERE 79500 MELLE;2280;+00202; COMMUNE DE SAINT LEGER DE LA MARTINIERE LE BOURG ST LEGER  79500 MELLE 
790174264ZV0021;   LA GRANDE VALLETTIERE 79500 MELLE;8262;+00202; COMMUNE DE SAINT LEGER DE LA MARTINIERE LE BOURG ST LEGER  79500 MELLE 
790174264ZW0008;   LES CHAMPS DE MAREUIL 79500 MELLE;866;+00202; COMMUNE DE SAINT LEGER DE LA MARTINIERE LE BOURG ST LEGER  79500 MELLE 
790174264ZW0011;   LES EPINARDS 79500 MELLE;1690;+00202; COMMUNE DE SAINT LEGER DE LA MARTINIERE LE BOURG ST LEGER  79500 MELLE 
790174264ZW0013;   LES EPINARDS 79500 MELLE;1017;+00202; COMMUNE DE SAINT LEGER DE LA MARTINIERE LE BOURG ST LEGER  79500 MELLE 
790174264ZW0015;   LES EPINARDS 79500 MELLE;17581;+00202; COMMUNE DE SAINT LEGER DE LA MARTINIERE LE BOURG ST LEGER  79500 MELLE 
790174264ZW0016;   LES EPINARDS 79500 MELLE;7834;+00202; COMMUNE DE SAINT LEGER DE LA MARTINIERE LE BOURG ST LEGER  79500 MELLE 
790174264ZW0018;   LES EPINARDS 79500 MELLE;2330;+00202; COMMUNE DE SAINT LEGER DE LA MARTINIERE LE BOURG ST LEGER  79500 MELLE 
790174264ZW0021;   LES EPINARDS 79500 MELLE;816;+00202; COMMUNE DE SAINT LEGER DE LA MARTINIERE LE BOURG ST LEGER  79500 MELLE 
790174264ZW0039;   LES CHAMPS DES EPINARDS 79500 MELLE;915;+00202; COMMUNE DE SAINT LEGER DE LA MARTINIERE LE BOURG ST LEGER  79500 MELLE 
790174264ZW0080;   LES EPINARDS 79500 MELLE;2119;+00202; COMMUNE DE SAINT LEGER DE LA MARTINIERE LE BOURG ST LEGER  79500 MELLE 
790174264ZW0095;   LES CHAMPS DE L EPINE 79500 MELLE;6244;+00202; COMMUNE DE SAINT LEGER DE LA MARTINIERE LE BOURG ST LEGER  79500 MELLE 
790174264ZX0017;   LES CHAMPS CARTIERS 79500 MELLE;1379;+00202; COMMUNE DE SAINT LEGER DE LA MARTINIERE LE BOURG ST LEGER  79500 MELLE 
790174264ZY0027;   LA PLAINE DU MILIEU 79500 MELLE;1789;+00202; COMMUNE DE SAINT LEGER DE LA MARTINIERE LE BOURG ST LEGER  79500 MELLE 
790174264ZY0032;   LA PLAINE DU MILIEU 79500 MELLE;1775;+00202; COMMUNE DE SAINT LEGER DE LA MARTINIERE LE BOURG ST LEGER  79500 MELLE 
790174279 A0065;   LA FAITIVERE 79500 MELLE;28005;+00289; COMMUNE DE SAINT MARTIN LES MELLE   79500 MELLE 
790174279 A0182;   LA NEGRERIE 79500 MELLE;900;+00289; COMMUNE DE SAINT MARTIN LES MELLE   79500 MELLE 
790174279 A0232;   LA GAZONNIERE 79500 MELLE;13980;+00289; COMMUNE DE SAINT MARTIN LES MELLE   79500 MELLE 
790174279 A0330;   LA GAZONNIERE 79500 MELLE;10661;+00289; COMMUNE DE SAINT MARTIN LES MELLE   79500 MELLE 
790174279 A0469;   LA GAZONNIERE 79500 MELLE;11174;+00289; COMMUNE DE SAINT MARTIN LES MELLE   79500 MELLE 
790174279 A0557;   LA NEGRERIE 79500 MELLE;1078;+00289; COMMUNE DE SAINT MARTIN LES MELLE   79500 MELLE 
790174279 A0562;   LE BOUCHET DU NAC 79500 MELLE;8122;+00289; COMMUNE DE SAINT MARTIN LES MELLE   79500 MELLE 
790174279 A0567;   LA NEGRERIE 79500 MELLE;1099;+00436; COMMUNE DE SAINT MARTIN LES MELLE   79500 MELLE 
790174279 B0518;   CHATEAU DE CHAILLE 79500 MELLE;8465;+00289; COMMUNE DE SAINT MARTIN LES MELLE   79500 MELLE 
790174279 B0541;   CHATEAU DE CHAILLE 79500 MELLE;3374;+00289; COMMUNE DE SAINT MARTIN LES MELLE   79500 MELLE 
790174279 B0542;   CHATEAU DE CHAILLE 79500 MELLE;3524;+00289; COMMUNE DE SAINT MARTIN LES MELLE   79500 MELLE 
790174279 B0558;   CHATEAU DE CHAILLE 79500 MELLE;3485;+00289; COMMUNE DE SAINT MARTIN LES MELLE   79500 MELLE 
790174279 B0560;   CHATEAU DE CHAILLE 79500 MELLE;1253;+00289; COMMUNE DE SAINT MARTIN LES MELLE   79500 MELLE 
790174279 C0284;   LES BOIS HAUTS 79500 MELLE;2500;+00289; COMMUNE DE SAINT MARTIN LES MELLE   79500 MELLE 
790174279 C0285;   LES BOIS HAUTS 79500 MELLE;3497;+00289; COMMUNE DE SAINT MARTIN LES MELLE   79500 MELLE 
790174279AB0056;0021  RUE DE L'ECOLE 79500 MELLE;2563;+00289; COMMUNE DE SAINT MARTIN LES MELLE   79500 MELLE 
790174279AB0060;   CHATEAU DE CHAILLE 79500 MELLE;2721;+00289; COMMUNE DE SAINT MARTIN LES MELLE   79500 MELLE 
790174279AB0114;   CHATEAU DE CHAILLE 79500 MELLE;11780;+00289; COMMUNE DE SAINT MARTIN LES MELLE   79500 MELLE 
790174279AB0136;   LOT DE L'ARGENTIERE 79500 MELLE;2229;+00289; COMMUNE DE SAINT MARTIN LES MELLE   79500 MELLE 
790174279AB0139;   LOT DE L'ARGENTIERE 79500 MELLE;1810;+00289; COMMUNE DE SAINT MARTIN LES MELLE   79500 MELLE 
790174279AB0140;   LOT DE L'ARGENTIERE 79500 MELLE;1204;+00289; COMMUNE DE SAINT MARTIN LES MELLE   79500 MELLE 
790174279AB0196;0015  RUE DES FRENES ST MARTIN 79500 MELLE;762;+00289; COMMUNE DE SAINT MARTIN LES MELLE   79500 MELLE 
790174279AB0218;0010  RUE DE LA MAIRIE ST MARTIN 79500 MELLE;859;+00289; COMMUNE DE SAINT MARTIN LES MELLE   79500 MELLE 
790174279AC0082;   LE PETIT BOIS 79500 MELLE;5853;+00289; COMMUNE DE SAINT MARTIN LES MELLE   79500 MELLE 
790174279AC0084;   LE PETIT BOIS 79500 MELLE;3905;+00289; COMMUNE DE SAINT MARTIN LES MELLE   79500 MELLE 
790174279AC0132;   LES BOIS HAUTS 79500 MELLE;953;+00289; COMMUNE DE SAINT MARTIN LES MELLE   79500 MELLE 
790174279AD0035;   LES SEINCES POTES 79500 MELLE;884;+00289; COMMUNE DE SAINT MARTIN LES MELLE   79500 MELLE 
790174279AD0069;   LE BOURG ST MARTIN 79500 MELLE;760;+00289; COMMUNE DE SAINT MARTIN LES MELLE   79500 MELLE 
790174279AD0070;   LE BOURG ST MARTIN 79500 MELLE;6583;+00289; COMMUNE DE SAINT MARTIN LES MELLE   79500 MELLE 
790174279AD0075;   LE BOURG ST MARTIN 79500 MELLE;15973;+00289; COMMUNE DE SAINT MARTIN LES MELLE   79500 MELLE 
790174279AD0076;0042  RUE DE LA MAIRIE ST MARTIN 79500 MELLE;4764;+00289; COMMUNE DE SAINT MARTIN LES MELLE   79500 MELLE 
790174279AD0079;0036  RUE DE LA MAIRIE ST MARTIN 79500 MELLE;2633;+00289; COMMUNE DE SAINT MARTIN LES MELLE   79500 MELLE 
790174279AD0084;   LES MAISONS NEUVES 79500 MELLE;1818;+00289; COMMUNE DE SAINT MARTIN LES MELLE   79500 MELLE 
790174279AD0086;   LES MAISONS NEUVES 79500 MELLE;1157;+00289; COMMUNE DE SAINT MARTIN LES MELLE   79500 MELLE 
790174279AE0013;   LA GENELERIE 79500 MELLE;1497;+00289; COMMUNE DE SAINT MARTIN LES MELLE   79500 MELLE 
790174279AE0014;0037  RUE DE LA MAIRIE ST MARTIN 79500 MELLE;956;+00289; COMMUNE DE SAINT MARTIN LES MELLE   79500 MELLE 
790174279AE0015;0037  RUE DE LA MAIRIE ST MARTIN 79500 MELLE;1656;+00289; COMMUNE DE SAINT MARTIN LES MELLE   79500 MELLE 
790174279AE0016;   LA GENELERIE 79500 MELLE;1820;+00289; COMMUNE DE SAINT MARTIN LES MELLE   79500 MELLE 
790174279AE0017;   LA GENELERIE 79500 MELLE;10438;+00289; COMMUNE DE SAINT MARTIN LES MELLE   79500 MELLE 
790174279AE0026;   LA GENELERIE 79500 MELLE;72501;+00289; COMMUNE DE SAINT MARTIN LES MELLE   79500 MELLE 
790174279AE0027;   LA GENELERIE 79500 MELLE;1473;+00289; COMMUNE DE SAINT MARTIN LES MELLE   79500 MELLE 
790174279AE0028;   LA GENELERIE 79500 MELLE;3334;+00289; COMMUNE DE SAINT MARTIN LES MELLE   79500 MELLE 
790174279AE0034;0043  RUE DE LA MAIRIE ST MARTIN 79500 MELLE;11532;+00289; COMMUNE DE SAINT MARTIN LES MELLE   79500 MELLE 